Material Code ,Material Description,Unit, Price 
MG01.0001,COMMON BORROW,CUM, 544.64 
MG01.0002,SELECTED BORROW,CUM, 585.20 
MG01.0003,AGGREGATE SUBBASE COURSE,CUM, 865.84 
MG01.0004,AGGREGATE BASE COURSE,CUM," 1,055.84 "
MG01.0005,AGGREGATE BASE COURSE (CRUSHED),CUM," 1,005.84 "
MG01.0006,AGGREGATE SURFACE COURSE,CUM," 1,095.84 "
MG01.0007,AGGREGATE SURFACE COURSE (CRUSHED),CUM," 1,065.84 "
MG01.0008,FINE AGGREGATE (SAND),CUM, 930.13 
MG01.0009,"GRAVEL, 3/4"" (MAS 20 mm)",CUM," 1,242.63 "
MG01.0010,"GRAVEL, G1 (MAS 40 mm)",CUM," 1,242.63 "
MG01.0011,"GRAVEL, NATURAL",CUM," 1,105.84 "
MG01.0012,"STONE, CLASS A (15 - 25 kg)",CUM," 1,153.34 "
MG01.0013,"STONE, CLASS B (30 - 70 kg)",CUM," 1,010.48 "
MG01.0014,"STONE, CLASS C (60 - 100 kg)",CUM, 965.84 
MG01.0015,"STONE, CLASS D (100 - 200 kg)",CUM, 885.48 
MG02.0001,"ASPHALT CEMENT, PENETRATION GRADE 30-50",MTON," 57,640.00 "
MG02.0002,"ASPHALT CEMENT, PENETRATION GRADE 60-70",MTON," 58,080.00 "
MG02.0003,"ASPHALT CEMENT, PENETRATION GRADE 85-100",MTON," 58,872.00 "
MG02.0004,"ASPHALT CEMENT, PENETRATION GRADE 120-150",MTON," 43,032.00 "
MG02.0005,"ASPHALT CONCRETE, COLD-LAID (PLANT MIX)",MTON," 8,800.00 "
MG02.0006,"ASPHALT CONCRETE, HOT-LAID (PLANT MIX)",MTON," 8,870.40 "
MG02.0007,"CUT-BACK ASPHALT, MC30",MTON," 41,580.00 "
MG02.0008,"CUT-BACK ASPHALT, MC70",MTON," 55,000.00 "
MG02.0009,"CUT-BACK ASPHALT, MC250",MTON," 38,720.00 "
MG02.0010,"CUT-BACK ASPHALT, MC800",MTON," 44,000.00 "
MG02.0011,"CUT-BACK ASPHALT, MC3000",MTON," 29,920.00 "
MG02.0012,"CUT-BACK ASPHALT, RC70",MTON," 40,480.00 "
MG02.0013,"CUT-BACK ASPHALT, RC250",MTON," 41,096.00 "
MG02.0014,"CUT-BACK ASPHALT, RC800",MTON," 41,536.00 "
MG02.0015,"CUT-BACK ASPHALT, RC3000",MTON," 39,688.00 "
MG02.0016,"EMULSIFIED ASPHALT, ANIONIC",MTON," 42,944.00 "
MG02.0017,"EMULSIFIED ASPHALT, CATIONIC CRS-1",MTON," 57,200.00 "
MG02.0018,"EMULSIFIED ASPHALT, CATIONIC CRS-2",MTON," 58,080.00 "
MG02.0019,"EMULSIFIED ASPHALT, CATIONIC SS1",MTON," 64,455.60 "
MG02.0020,TAR / ASPHALT PAINT,GAL, 576.40 
MG03.0001,"MASONRY CEMENT / HYDRATED LIME, TYPE N (40 kg)",BAG, 300.00 
MG03.0002,PORTLAND CEMENT (40 kg),BAG, 232.14 
MG03.0003,"PORTLAND-POZZOLAN CEMENT, TYPE 1P (40 kg)",BAG, 265.00 
MG04.0000,CONCRETE HOLLOW BLOCK,NONE,
MG04.0001,"CHB LOAD BEARING (4"" x 8"" x 16"")",PC, 22.88 
MG04.0002,"CHB LOAD BEARING (6"" x 8"" x 16"")",PC, 27.28 
MG04.0003,"CHB ORDINARY (4"" x 8"" x 16"")",PC, 12.95 
MG04.0004,"CHB ORDINARY (6"" x 8"" x 16"")",PC, 14.33 
MG05.0001,CEMENT WATERPROOFING COMPOUND,KG, 45.76 
MG05.0002,CONCRETE EPOXY (PART A & B SET),GAL, 627.44 
MG05.0003,CONCRETE NEUTRALIZER,LTR, 169.40 
MG05.0004,CURING COMPOUND,LTR, 70.40 
MG05.0005,PVC SOLVENT CEMENT,LTR, 145.20 
MG05.0006,RUST CONVERTER/REMOVER,GAL, 585.20 
MG05.0007,TERMICIDE (CLEAR),LTR, 523.60 
MG05.0008,DIESEL GEAR OIL,LTR, 256.96 
MG05.0009,DIESEL,LTR, 44.40 
MG05.0010,"GASOLINE, PREMIUM",LTR, 50.09 
MG05.0011,"GASOLINE, REGULAR",LTR, 48.66 
MG05.0012,GREASE,LTR, 330.91 
MG05.0013,KEROSINE,LTR, 64.19 
MG05.0014,LIQUIFIED PETROLEUM GAS (LPG),KG, 92.16 
MG06.0001,"COMMON WIRE NAIL, ASSORTED",KG, 58.57 
MG06.0002,"CONCRETE NAIL, ASSORTED",KG, 78.58 
MG06.0003,COCO LUMBER,BDFT, 20.04 
MG06.0004,GOOD LUMBER,BDFT, 37.72 
MG06.0005,FORM OIL,LTR, 19.49 
MG06.0006,"MARINE PLYWOOD (1/4"" x 4' x 8')",PC, 322.14 
MG06.0007,"MARINE PLYWOOD (1/2"" x 4' x 8')",PC, 577.50 
MG06.0008,"MARINE PLYWOOD (3/4"" x 4' x 8')",PC, 856.42 
MG06.0009,"ORDINARY PLYWOOD (1/4"" x 4' x 8')",PC, 298.58 
MG06.0010,"ORDINARY PLYWOOD (1/2"" x 4' x 8')",PC, 511.33 
MG06.0011,"ORDINARY PLYWOOD (3/4"" x 4' x 8')",PC, 825.00 
MG06.0012,STEEL FORM (150 mm width),M, 40.48 
MG06.0013,STEEL FORM (200 mm width),M, 42.24 
MG06.0014,STEEL FORM (230 mm width),M, 44.00 
MG06.0015,STEEL FORM (250 mm width),M, 46.64 
MG06.0016,STEEL FORM (280 mm width),M, 49.28 
MG06.0017,STEEL FORM (300 mm width),M, 52.80 
MG07.0001,EPOXY PRIMER WITH CATALYST (SET),GAL, 886.16 
MG07.0002,RED OXIDE METAL PRIMER,GAL, 486.64 
MG07.0003,SOLVENT-BASED PRIMER,GAL, 981.20 
MG07.0004,TINTING COLOR,LTR, 195.36 
MG07.0005,ALUMINUM PAINT,GAL, 690.80 
MG07.0006,"LATEX PAINT, GLOSS",GAL, 743.60 
MG07.0007,"LATEX PAINT, SEMI-GLOSS",GAL, 743.60 
MG07.0008,QUICK-DRYING ENAMEL PAINT,GAL, 778.80 
MG07.0009,LACQUER THINNER,GAL, 497.20 
MG07.0010,PAINT THINNER,GAL, 396.00 
MG07.0011,GLAZING PUTTY,GAL, 638.00 
MG08.0001,"GI PIPE, SCHEDULE 40 (1/2"" | 12.7 mm Ø)",PC, 274.22 
MG08.0002,"GI PIPE, SCHEDULE 40 (3/4"" | 19 mm Ø)",PC, 365.36 
MG08.0003,"GI PIPE, SCHEDULE 40 (1"" | 25.4 mm Ø)",PC, 608.92 
MG08.0004,"GI PIPE, SCHEDULE 40 (1 1/2"" | 38 mm Ø)",PC, 917.72 
MG08.0005,"GI PIPE, SCHEDULE 40 (2"" | 50 mm Ø)",PC," 1,168.36 "
MG08.0006,"GI PIPE, SCHEDULE 40 (2 1/2"" | 63 mm Ø)",PC," 2,112.00 "
MG08.0007,"GI PIPE, SCHEDULE 40 (3"" | 76 mm Ø)",PC," 3,873.21 "
MG08.0008,"GI PIPE, SCHEDULE 40 (3 1/2"" | 89 mm Ø)",PC," 4,567.20 "
MG08.0009,"GI PIPE, SCHEDULE 40 (4"" | 101 mm Ø)",PC," 5,718.24 "
MG08.0010,"GI PIPE, SCHEDULE 40 (5"" | 127 mm Ø)",PC," 7,757.20 "
MG08.0011,"GI PIPE, SCHEDULE 40 (6"" | 152.4 mm Ø)",PC," 12,676.40 "
MG08.0012,"PVC PIPE (1/2"" | 12.7 mm Ø)",PC, 58.92 
MG08.0013,"PVC PIPE (3/4"" | 19 mm Ø)",PC, 88.00 
MG08.0014,"PVC PIPE (1"" | 25.4 mm Ø)",PC, 129.09 
MG08.0015,"PVC PIPE (1 1/2"" | 38 mm Ø)",PC, 213.72 
MG08.0016,"PVC PIPE (2"" | 50 mm Ø)",PC, 295.04 
MG08.0017,"PVC PIPE (2 1/2"" | 63 mm Ø)",PC, 377.14 
MG08.0018,"PVC PIPE (3"" | 76 mm Ø)",PC, 463.58 
MG08.0019,"PVC PIPE (3 1/2"" | 89 mm Ø)",PC, 572.00 
MG08.0020,"PVC PIPE (4"" | 101 mm Ø)",PC, 670.56 
MG08.0021,"REINFORCED CONCRETE PIPE, CLASS II (12"" | 300 mm Ø)",PC, 440.58 
MG08.0022,"REINFORCED CONCRETE PIPE, CLASS II (18"" | 460 mm Ø)",PC, 921.69 
MG08.0023,"REINFORCED CONCRETE PIPE, CLASS II (24"" | 610 mm Ø)",PC," 1,496.66 "
MG08.0024,"REINFORCED CONCRETE PIPE, CLASS II (30"" | 760 mm Ø)",PC," 1,777.29 "
MG08.0025,"REINFORCED CONCRETE PIPE, CLASS II (36"" | 910 mm Ø)",PC," 2,947.50 "
MG08.0026,"REINFORCED CONCRETE PIPE, CLASS II (42"" | 1070 mm Ø)",PC," 3,554.58 "
MG08.0027,"REINFORCED CONCRETE PIPE, CLASS II (48"" | 1220 mm Ø)",PC," 4,421.25 "
MG08.0028,"REINFORCED CONCRETE PIPE, CLASS II (54"" | 1370 mm Ø)",PC," 4,973.91 "
MG08.0029,"REINFORCED CONCRETE PIPE, CLASS II (60"" | 1524 mm Ø)",PC," 4,973.91 "
MG08.0030,"REINFORCED CONCRETE PIPE, CLASS IV (12"" | 300 mm Ø)",PC, 628.19 
MG08.0031,"REINFORCED CONCRETE PIPE, CLASS IV (18"" | 460 mm Ø)",PC, 908.06 
MG08.0032,"REINFORCED CONCRETE PIPE, CLASS IV (24"" | 610 mm Ø)",PC," 1,569.79 "
MG08.0033,"REINFORCED CONCRETE PIPE, CLASS IV (30"" | 760 mm Ø)",PC," 2,109.36 "
MG08.0034,"REINFORCED CONCRETE PIPE, CLASS IV (36"" | 910 mm Ø)",PC," 3,041.97 "
MG08.0035,"REINFORCED CONCRETE PIPE, CLASS IV (42"" | 1070 mm Ø)",PC," 3,478.05 "
MG08.0036,"REINFORCED CONCRETE PIPE, CLASS IV (48"" | 1220 mm Ø)",PC," 4,219.66 "
MG08.0037,"REINFORCED CONCRETE PIPE, CLASS IV (54"" | 1370 mm Ø)",PC," 5,622.42 "
MG08.0038,"REINFORCED CONCRETE PIPE, CLASS IV (60"" | 1524 mm Ø)",PC," 6,541.68 "
MG09.0001,"READY-MIX CONCRETE, 3000 PSI @ 28 DAYS, G1",CUM," 4,712.40 "
MG09.0002,"READY-MIX CONCRETE, 3000 PSI @ 14 DAYS, G1",CUM," 4,770.61 "
MG09.0003,"READY-MIX CONCRETE, 3000 PSI @ 7 DAYS, G1",CUM," 5,266.80 "
MG09.0004,"READY-MIX CONCRETE, 3000 PSI @ 3 DAYS, G1",CUM," 5,222.06 "
MG09.0005,"READY-MIX CONCRETE, 3500 PSI @ 28 DAYS, G1",CUM," 4,770.62 "
MG09.0006,"READY-MIX CONCRETE, 3500 PSI @ 14 DAYS, G1",CUM," 5,150.78 "
MG09.0007,"READY-MIX CONCRETE, 3500 PSI @ 7 DAYS, G1",CUM," 5,451.60 "
MG09.0008,"READY-MIX CONCRETE, 3500 PSI @ 3 DAYS, G1",CUM," 5,660.59 "
MG09.0009,"READY-MIX CONCRETE, 4000 PSI @ 28 DAYS, G1",CUM," 4,910.85 "
MG09.0010,"READY-MIX CONCRETE, 4000 PSI @ 14 DAYS, G1",CUM," 5,128.82 "
MG09.0011,"READY-MIX CONCRETE, 4500 PSI @ 28 DAYS, G1",CUM," 5,497.80 "
MG09.0012,"READY-MIX CONCRETE, 5000 PSI @ 28 DAYS, G1",CUM," 5,752.81 "
MG10.0001,REINFORCING STEEL BAR (GRADE 40),KG, 38.89 
MG10.0002,REINFORCING STEEL BAR (GRADE 60),KG, 39.79 
MG10.0003,GI TIE WIRE #16,KG, 59.72 
MG10.0004,ANGULAR BAR (A36),KG, 64.57 
MG10.0005,CHANNEL BAR (A36),KG, 66.00 
MG10.0006,SQUARE BAR (A36),KG, 65.12 
MG10.0007,I-BEAM (A36),KG, 64.77 
MG10.0008,WIDE FLANGE (A36),KG, 66.83 
MG10.0009,"MILLED STEEL PLATE, PLAIN (A36)",KG, 61.19 
MG10.0010,"STEEL CASING (10 mm thk, 600 mm Ø)",M," 7,348.00 "
MG10.0011,"STEEL CASING (10 mm thk, 700 mm Ø)",M," 8,052.00 "
MG10.0012,"STEEL CASING (10 mm thk, 800 mm Ø)",M," 9,957.20 "
MG10.0013,"STEEL CASING (10 mm thk, 900 mm Ø)",M," 11,096.80 "
MG10.0014,"STEEL CASING (10 mm thk, 1000 mm Ø)",M," 12,287.44 "
MG10.0015,"STEEL CASING (10 mm thk, 1100 mm Ø)",M," 13,648.80 "
MG10.0016,"STEEL CASING (10 mm thk, 1200 mm Ø)",M," 15,320.80 "
MG10.0017,"STEEL CASING (10 mm thk, 1300 mm Ø)",M," 16,108.40 "
MG10.0018,"STEEL CASING (10 mm thk, 1400 mm Ø)",M," 17,450.40 "
MG10.0019,"STEEL CASING (10 mm thk, 1500 mm Ø)",M," 18,700.00 "
MG10.0020,"STEEL SHEET PILE, U-TYPE (A36)",KG, 61.60 
MG10.0021,"STEEL SHEET PILE, U-TYPE (A50)",KG, 62.76 
MG10.0022,"STEEL SHELL/TUBULAR PIPE (9.50 mm thk, 400 mm Ø)",M," 5,912.99 "
MG10.0023,"STEEL SHELL/TUBULAR PIPE (9.50 mm thk, 500 mm Ø)",M," 7,256.86 "
MG99.0001,ACETYLENE,KG, 91.06 
MG99.0002,OXYGEN,KG, 71.87 
MG99.0003,WELDING ROD,KG, 153.15 
MG99.0004,BENTONITE,KG, 272.80 
MG99.0005,PACKAGING TAPE (50 mm x 50 m),PC, 57.20 
MG99.0006,TEFFLON TAPE (12 mm x 10 m),ROLL, 18.48 
MG99.0007,POLYETHYLENE SHEET (0.1 mm thk),SQM, 14.96 
MG99.0008,RUBBER HOSE (12.70 mm Ø),M, 45.76 
MG99.0009,SAND PAPER (23 cm x 28 cm),PC, 12.32 
MG99.0010,SILICA SAND,KG, 47.52 
MG99.0011,HINGE (50 mm x 101 mm),PAIR, 66.00 
MG99.0012,TARPAULIN,SQFT, 17.60 
MG99.0013,"TURNBUCKLE (1/2"" | 12.7 mm Ø)",PC, 92.40 
MG99.0014,"TURNBUCKLE (5/8"" | 16 mm Ø)",PC, 132.00 
MG99.0015,"TURNBUCKLE (3/4"" | 19 mm Ø)",PC, 189.20 
MS01.0001,PRECAST CONCRETE CURB (3000 PSI),M, 657.36 
MS01.0002,PRECAST CONCRETE GUTTER (3000 PSI),M, 649.44 
MS01.0003,PRECAST CONCRETE CURB & GUTTER (3000 PSI),M," 1,308.56 "
MS02.0001,"GABION, METALLIC COATED (0.5m x 1m x 3m)",PC," 1,518.00 "
MS02.0002,"GABION, METALLIC COATED (0.5m x 1m x 4m)",PC," 1,698.40 "
MS02.0003,"GABION, METALLIC COATED (1m x 1m x 2m)",PC," 2,055.24 "
MS02.0004,"GABION, METALLIC COATED (1m x 1m x 3m)",PC," 2,275.68 "
MS02.0005,"GABION, METALLIC COATED (1m x 1m x 4m)",PC," 2,767.60 "
MS02.0006,"GABION, PVC COATED (0.5m x 1m x 3m)",PC," 1,830.40 "
MS02.0007,"GABION, PVC COATED (0.5m x 1m x 4m)",PC," 2,196.48 "
MS02.0008,"GABION, PVC COATED (1m x 1m x 2m)",PC," 1,967.68 "
MS02.0009,"GABION, PVC COATED (1m x 1m x 3m)",PC," 2,527.36 "
MS02.0010,"GABION, PVC COATED (1m x 1m x 4m)",PC," 3,203.20 "
MS02.0011,"MATTRESS, METALLIC COATED (0.3m x 2m x 6m)",PC," 4,162.40 "
MS02.0012,"MATTRESS, PVC COATED (0.3m x 2m x 6m)",PC," 4,168.56 "
MS02.0013,FILTER CLOTH,SQM, 256.08 
MS02.0014,"COCO-NET, CGN 400",SQM, 146.08 
MS02.0015,"COCO-NET, CGN 700",SQM, 191.84 
MS02.0016,"FASCINE, CGR 200",M, 374.88 
MS02.0017,"FASCINE, CGR 300",M, 443.52 
MS02.0018,SODDING,SQM, 64.24 
MS02.0019,TOPSOIL (GARDEN SOIL),CUM," 1,098.24 "
MS02.0020,"VEGETATION, HYDROSEEDING",SQM, 62.48 
MS02.0021,"VEGETATION, VETIVER GRASS SYSTEM",SQM, 66.88 
MS03.0001,PREMOLDED EXPANSION JOINT FILLER (12 mm),SQM," 1,647.36 "
MS04.0001,"3' CYCLONE WIRE (GALVANIZED, GA 10)",M, 124.52 
MS04.0002,"4' CYCLONE WIRE (GALVANIZED, GA 10)",M, 136.40 
MS04.0003,"5' CYCLONE WIRE (GALVANIZED, GA 10)",M, 163.68 
MS04.0004,"6' CYCLONE WIRE (GALVANIZED, GA 10)",M, 191.84 
MS04.0005,"BARBED WIRE, 2 STRANDS (GALVANIZED, GA 12.5)",M, 14.52 
MS04.0006,"BARBED WIRE, 3 STRANDS (GALVANIZED, GA 12.5)",M, 18.26 
MS05.0001,PRESTRESSED CONCRETE GIRDER (AASHTO TYPE I),M," 13,437.47 "
MS05.0002,PRESTRESSED CONCRETE GIRDER (AASHTO TYPE II),M," 13,347.11 "
MS05.0003,PRESTRESSED CONCRETE GIRDER (AASHTO TYPE III),M," 21,233.96 "
MS05.0004,PRESTRESSED CONCRETE GIRDER (AASHTO TYPE IV),M," 24,044.89 "
MS05.0005,PRESTRESSED CONCRETE GIRDER (AASHTO TYPE IV-A),M," 22,899.90 "
MS05.0006,PRESTRESSED CONCRETE GIRDER (AASHTO TYPE IV-B),M," 22,917.71 "
MS05.0007,PRESTRESSED CONCRETE GIRDER (AASHTO TYPE V),M," 30,401.04 "
MS05.0008,PRESTRESSED CONCRETE GIRDER (AASHTO TYPE VI),M," 41,909.83 "
MS05.0009,PRESTRESSED CONCRETE ANCHORAGE ASSEMBLY,SET, 506.00 
MS05.0010,"DUCT TUBE, GALVANIZED METAL (50 mm Ø)",M, 64.24 
MS05.0011,HIGH-TENSILE WIRE STRAND (12.70 mm Ø),KG, 73.53 
MS06.0001,"MANUAL CALL POINT, CONVENTIONAL",PC," 1,537.36 "
MS06.0002,"FIRE ALARM BELL, CONVENTIONAL",PC," 1,345.52 "
MS06.0003,"ANNUNCIATOR, CONVENTIONAL",PC," 6,918.56 "
MS06.0004,"SMOKE DETECTOR, CONVENTIONAL",PC," 1,873.52 "
MS06.0005,"GI CAP, BANDED (1/2"" | 12.7 mm Ø)",PC, 31.42 
MS06.0006,"GI CAP, BANDED (3/4"" | 19 mm Ø)",PC, 23.94 
MS06.0007,"GI CAP, BANDED (1"" | 25.4 mm Ø)",PC, 41.36 
MS06.0008,"GI CAP, BANDED (1 1/2"" | 38 mm Ø)",PC, 54.56 
MS06.0009,"GI CAP, BANDED (2"" | 50 mm Ø)",PC, 54.56 
MS06.0010,"GI COUPLING (1/2"" | 12.7 mm Ø)",PC, 14.28 
MS06.0011,"GI COUPLING (3/4"" | 19 mm Ø)",PC, 17.14 
MS06.0012,"GI COUPLING (1"" | 25.4 mm Ø)",PC, 24.75 
MS06.0013,"GI COUPLING (1 1/2"" | 38 mm Ø)",PC, 40.48 
MS06.0014,"GI COUPLING (2"" | 50 mm Ø)",PC, 57.13 
MS06.0015,"GI PLUG (1/2"" | 12.7 mm Ø)",PC, 19.04 
MS06.0016,"GI PLUG (3/4"" | 19 mm Ø)",PC, 23.80 
MS06.0017,"GI PLUG (1"" | 25.4 mm Ø)",PC, 25.70 
MS06.0018,"GI PLUG (1 1/2"" | 38 mm Ø)",PC, 29.52 
MS06.0019,"GI PLUG (2"" | 50 mm Ø)",PC, 34.32 
MS06.0020,"GI TEE, BANDED (1/2"" | 12.7 mm Ø)",PC, 29.52 
MS06.0021,"GI TEE, BANDED (3/4"" | 19 mm Ø)",PC, 29.52 
MS06.0022,"GI TEE, BANDED (1"" | 25.4 mm Ø)",PC, 37.14 
MS06.0023,"GI TEE, BANDED (1 1/2"" | 38 mm Ø)",PC, 63.79 
MS06.0024,"GI TEE, BANDED (2"" | 50 mm Ø)",PC, 71.41 
MS06.0025,"GI UNION, FLAT SEAT (1/2"" | 12.7 mm Ø)",PC, 32.56 
MS06.0026,"GI UNION, FLAT SEAT (3/4"" | 19 mm Ø)",PC, 51.92 
MS06.0027,"GI UNION, FLAT SEAT (1"" | 25.4 mm Ø)",PC, 65.12 
MS06.0028,"GI UNION, FLAT SEAT (1 1/2"" | 38 mm Ø)",PC, 82.72 
MS06.0029,"GI UNION, FLAT SEAT (2"" | 50 mm Ø)",PC, 105.53 
MS06.0030,"PVC CLEAN-OUT WITH PLUG & SEAL RING (2"" | 50 mm Ø)",PC, 24.64 
MS06.0031,"PVC CLEAN-OUT WITH PLUG & SEAL RING (3"" | 76 mm Ø)",PC, 39.60 
MS06.0032,"PVC CLEAN-OUT WITH PLUG & SEAL RING (4"" | 101 mm Ø)",PC, 57.20 
MS06.0033,PVC CONCENTRIC BUSHING REDUCER (76 mm x 50 mm),PC, 31.02 
MS06.0034,PVC CONCENTRIC BUSHING REDUCER (101 mm x 50 mm),PC, 45.76 
MS06.0035,PVC CONCENTRIC BUSHING REDUCER (101 mm x 76 mm),PC, 56.32 
MS06.0036,"PVC COUPLING (1/2"" | 12.7 mm Ø)",PC, 7.92 
MS06.0037,"PVC COUPLING (3/4"" | 19 mm Ø)",PC, 11.44 
MS06.0038,"PVC COUPLING (1"" | 25.4 mm Ø)",PC, 13.20 
MS06.0039,"PVC COUPLING (1 1/2"" | 38 mm Ø)",PC, 23.76 
MS06.0040,"PVC COUPLING (2"" | 50 mm Ø)",PC, 35.20 
MS06.0041,"PVC ELBOW, 45° (2"" | 50 mm Ø)",PC, 30.80 
MS06.0042,"PVC ELBOW, 45° (3"" | 76 mm Ø)",PC, 52.80 
MS06.0043,"PVC ELBOW, 45° (4"" | 101 mm Ø)",PC, 79.20 
MS06.0044,"PVC ELBOW, 87.5° (2"" | 50 mm Ø)",PC, 26.40 
MS06.0045,"PVC ELBOW, 87.5° (3"" | 76 mm Ø)",PC, 54.56 
MS06.0046,"PVC ELBOW, 87.5° (4"" | 101 mm Ø)",PC, 91.52 
MS06.0047,"PVC MALE ADAPTER, THREADED (1/2"" | 12.7 mm Ø)",PC, 11.88 
MS06.0048,"PVC MALE ADAPTER, THREADED (3/4"" | 19 mm Ø)",PC, 14.52 
MS06.0049,"PVC MALE ADAPTER, THREADED (1"" | 25.4 mm Ø)",PC, 14.21 
MS06.0050,"PVC MALE ADAPTER, THREADED (1 1/2"" | 38 mm Ø)",PC, 18.75 
MS06.0051,"PVC MALE ADAPTER, THREADED (2"" | 50 mm Ø)",PC, 31.68 
MS06.0052,"PVC P-TRAP WITH PLUG & SEAL RING (2"" | 50 mm Ø)",PC, 97.68 
MS06.0053,"PVC P-TRAP WITH PLUG & SEAL RING (3"" | 76 mm Ø)",PC, 164.56 
MS06.0054,"PVC P-TRAP WITH PLUG & SEAL RING (4"" | 101 mm Ø)",PC, 272.80 
MS06.0055,PVC REDUCER (19 mm x 12.7 mm),PC, 8.80 
MS06.0056,PVC REDUCER (25.4 mm x 19 mm),PC, 13.20 
MS06.0057,PVC REDUCER (25.4 mm x 12.7 mm),PC, 10.56 
MS06.0058,PVC REDUCER (38 mm x 25.4 mm),PC, 34.32 
MS06.0059,PVC REDUCER (38 mm x 19 mm),PC, 43.53 
MS06.0060,PVC REDUCER (50 mm x 25.4 mm),PC, 44.65 
MS06.0061,PVC TAP TEE WITH SEAL RING (50 mm X 25.4 mm),PC, 56.87 
MS06.0062,PVC TAP TEE WITH SEAL RING (50 mm X 38 mm),PC, 74.80 
MS06.0063,"PVC TEE (1/2"" | 12.7 mm Ø)",PC, 11.44 
MS06.0064,"PVC TEE (3/4"" | 19 mm Ø)",PC, 13.20 
MS06.0065,"PVC TEE (1"" | 25.4 mm Ø)",PC, 20.24 
MS06.0066,"PVC TEE (1 1/2"" | 38 mm Ø)",PC, 30.36 
MS06.0067,"PVC TEE (2"" | 50 mm Ø)",PC, 36.08 
MS06.0068,"PVC TEE, DOUBLE BRANCH (2"" | 50 mm Ø)",PC, 28.16 
MS06.0069,"PVC TEE, DOUBLE BRANCH (3"" | 76 mm Ø)",PC, 56.32 
MS06.0070,"PVC TEE, DOUBLE BRANCH (4"" | 101 mm Ø)",PC, 58.96 
MS06.0071,"PVC WYE, SINGLE BRANCH, 45° (50 mm x 50 mm)",PC, 45.76 
MS06.0072,"PVC WYE, SINGLE BRANCH, 45° (76 mm x 50 mm)",PC, 79.20 
MS06.0073,"PVC WYE, SINGLE BRANCH, 45° (76 mm x 76 mm)",PC, 87.12 
MS06.0074,"PVC WYE, SINGLE BRANCH, 45° (101 mm x 50 mm)",PC, 101.20 
MS06.0075,"PVC WYE, SINGLE BRANCH, 45° (101 mm x 76 mm)",PC, 140.80 
MS06.0076,"PVC WYE, SINGLE BRANCH, 45° (101 mm x 101 mm)",PC, 123.20 
MS06.0077,"PVC SEEP, TEE, SINGLE BRANCH, 87.5° (50 mm x 50 mm)",PC, 44.00 
MS06.0078,"PVC SEEP, TEE, SINGLE BRANCH, 87.5° (76 mm x 50 mm)",PC, 48.40 
MS06.0079,"PVC SEEP, TEE, SINGLE BRANCH, 87.5° (76 mm x 76 mm)",PC, 86.24 
MS06.0080,"PVC SEEP, TEE, SINGLE BRANCH, 87.5° (101 mm x 50 mm)",PC, 116.16 
MS06.0081,"PVC SEEP, TEE, SINGLE BRANCH, 87.5° (101 mm x 76 mm)",PC, 110.88 
MS06.0082,"PVC SEEP, TEE, SINGLE BRANCH, 87.5° (101 mm x 101 mm)",PC, 132.00 
MS06.0083,"RS CONDUIT (1/2"" | 12.7 mm Ø)",PC, 215.60 
MS06.0084,"RS CONDUIT (3/4"" | 19 mm Ø)",PC, 461.12 
MS06.0085,"RS CONDUIT (1"" | 25.4 mm Ø)",PC, 700.48 
MS06.0086,"RS CONDUIT COUPLING (1/2"" | 12.7 mm Ø)",PC, 14.96 
MS06.0087,"RS CONDUIT COUPLING (1"" | 25.4 mm Ø)",PC, 21.12 
MS06.0088,"RS CONDUIT ELBOW 90° (1"" | 25.4 mm Ø)",PC, 183.92 
MS06.0089,"PVC CONDUIT (1/2"" | 12.7 mm Ø)",PC, 83.60 
MS06.0090,"PVC CONDUIT (3/4"" | 19 mm Ø)",PC, 92.40 
MS06.0091,"PVC CONDUIT (1"" | 25.4 mm Ø)",PC, 149.60 
MS06.0092,"PVC CONDUIT COUPLING (1/2"" | 12.7 mm Ø)",PC, 4.40 
MS06.0093,"PVC CONDUIT COUPLING (3/4"" | 19 mm Ø)",PC, 8.80 
MS06.0094,"PVC CONDUIT COUPLING (1"" | 25.4 mm Ø)",PC, 14.96 
MS06.0095,"PVC CONDUIT ELBOW, 90° (1"" | 25.4 mm Ø)",PC, 20.24 
MS06.0096,"PVC ADAPTER WITH LOCKNUT (1/2"" | 12.7 mm Ø)",PC, 8.80 
MS06.0097,"PVC ADAPTER WITH LOCKNUT (3/4"" | 19 mm Ø)",PC, 14.08 
MS06.0098,"PVC ADAPTER WITH LOCKNUT (1"" | 25.4 mm Ø)",PC, 24.92 
MS06.0099,"BUSHING AND LOCKNUT (1/2"" | 12.7 mm Ø)",PC, 7.04 
MS06.0100,"BUSHING AND LOCKNUT (3/4"" | 19 mm Ø)",PC, 9.68 
MS06.0101,"BUSHING AND LOCKNUT (1"" | 25.4 mm Ø)",PC, 12.32 
MS06.0102,"SERVICE ENTRANCE CAP (1/2"" | 12.7 mm Ø)",PC, 59.84 
MS06.0103,"SERVICE ENTRANCE CAP (3/4"" | 19 mm Ø)",PC, 91.52 
MS06.0104,"SERVICE ENTRANCE CAP (1"" | 25.4 mm Ø)",PC, 183.92 
MS06.0105,"ELECTRIC WIRE, THWN/THHN, 14 AWG (2 mm Ø)",M, 23.47 
MS06.0106,"ELECTRIC WIRE, THWN/THHN, 12 AWG (3.5 mm Ø)",M, 35.20 
MS06.0107,"ELECTRIC WIRE, THWN/THHN, 10 AWG (5.5 mm Ø)",M, 51.04 
MS06.0108,"NETWORK CABLE, CAT-5E",M, 27.28 
MS06.0109,ONE-GANG SWITCH,PC, 88.00 
MS06.0110,TWO-GANG SWITCH,PC, 123.20 
MS06.0111,THREE-GANG SWITCH,PC, 148.28 
MS06.0112,"DUPLEX CONVENIENCE OUTLET, GROUNDING TYPE",PC, 150.92 
MS06.0113,"SIMPLEX CONVENIENCE OUTLET, GROUNDING TYPE",PC, 135.08 
MS06.0114,ACU OUTLET,PC, 144.32 
MS06.0115,"FLOOR OUTLET, POP-UP",PC," 3,459.28 "
MS06.0116,SIMPLEX TELEPHONE OUTLET,PC, 190.08 
MS06.0117,"SQUARE BOX, GA 16 (4"" x 4"" x 2"")",PC, 29.04 
MS06.0118,"UTILITY BOX, GA 16 (2"" x 4"" x 2"")",PC, 29.04 
MS06.0119,"OCTAGONAL JUNCTION BOX, GA 16 (4"" x 4"" x 2"")",PC, 31.90 
MS06.0120,"METAL PULL BOX, GA 16 (6"" x 6"" x 4"")",PC, 343.20 
MS06.0121,"METAL PULL BOX, GA 16 (12"" x 12"" x 4"")",PC, 725.12 
MS06.0122,"MICA TUBING (1/2"" Ø)",M, 43.12 
MS06.0123,ELECTRICAL TAPE (19 mm x 20 m),PC, 39.60 
MS07.0001,"CAT'S EYE REFLECTIVE STUD, FLUSH SURFACE (180 mm x 140 mm)",PC, 586.96 
MS07.0002,"CAT'S EYE REFLECTIVE STUD, RAISED PROFILE (100 mm x 100 mm)",PC, 586.96 
MS07.0003,METAL FLEX BEAM (254 mm width),M," 1,399.20 "
MS07.0004,METAL FLEX BEAM (305 mm width),M," 1,716.00 "
MS07.0005,METAL FLEX BEAM (355 mm width),M," 2,002.00 "
MS07.0006,GUARDRAIL END PIECE (FISH TAIL),M," 1,320.00 "
MS07.0007,GUARDRAIL END PIECE (BULL NOSE),M," 1,320.00 "
MS07.0008,WIRE ROPE / CABLE (12.5 mm Ø),M, 95.92 
MS07.0009,WIRE ROPE / CABLE (19 mm Ø),M, 219.12 
MS07.0010,WIRE ROPE / CABLE (25.4 mm Ø),M, 329.12 
MS07.0011,"GI BOLT WITH NUT & WASHER (5/8"" Ø x 1"")",PC, 20.24 
MS07.0012,"GI BOLT WITH NUT & WASHER (5/8"" Ø x 9"")",PC, 27.28 
MS07.0013,"ROAD SIGN, CIRCLE (450 mm, 3 mm thk aluminum sheet)",PC," 3,388.00 "
MS07.0014,"ROAD SIGN, CIRCLE (600 mm, 3 mm thk aluminum sheet)",PC," 4,928.00 "
MS07.0015,"ROAD SIGN, CIRCLE (900 mm, 3 mm thk aluminum sheet)",PC," 7,040.00 "
MS07.0016,"ROAD SIGN, OCTAGON (450 mm x 450 mm, 3 mm thk aluminum sheet)",PC," 3,625.60 "
MS07.0017,"ROAD SIGN, OCTAGON (600 mm x 600 mm, 3 mm thk aluminum sheet)",PC," 4,664.00 "
MS07.0018,"ROAD SIGN, OCTAGON (900 mm x 900 mm, 3 mm thk aluminum sheet)",PC," 7,524.00 "
MS07.0019,"ROAD SIGN, RECTANGLE (400 mm x 600 mm, 3 mm thk aluminum sheet)",PC," 3,960.00 "
MS07.0020,"ROAD SIGN, RECTANGLE (600 mm x 1000 mm, 3 mm thk aluminum sheet)",PC," 10,648.00 "
MS07.0021,"ROAD SIGN, RECTANGLE (1500 mm x 1800 mm, 3 mm thk aluminum sheet)",PC," 31,680.00 "
MS07.0022,"ROAD SIGN, TRIANGLE (450 mm, 3 mm thk aluminum sheet)",PC," 1,320.00 "
MS07.0023,"ROAD SIGN, TRIANGLE (600 mm, 3 mm thk aluminum sheet)",PC," 2,816.00 "
MS07.0024,"ROAD SIGN, TRIANGLE (900 mm, 3 mm thk aluminum sheet)",PC," 4,136.00 "
MS07.0025,"CHEVRON SIGN (400 mm x 600 mm, 3 mm thk aluminum sheet)",PC," 4,092.00 "
MS07.0026,"CHEVRON SIGN (600 mm x 800 mm, 3 mm thk aluminum sheet)",PC," 7,568.00 "
MS07.0027,"REFLECTORIZED TRAFFIC PAINT, WHITE",LTR, 417.68 
MS07.0028,"REFLECTORIZED TRAFFIC PAINT, YELLOW",LTR, 440.89 
MS07.0029,"THERMOPLASTIC PAINT, WHITE (25 kg)",BAG," 1,672.00 "
MS07.0030,"THERMOPLASTIC PAINT, YELLOW (25 kg)",BAG," 1,826.00 "
MS07.0031,GLASS BEADS (25 kg),BAG," 1,020.80 "
MS07.0032,PRIMER,LTR, 211.20 
MS08.0001,"CORRUGATED ROOFING SHEET, GA 26",SQM, 393.36 
MS08.0002,"RIB-TYPE ROOFING SHEET, GA 26",SQM, 538.56 
MS08.0003,"FLASHING, GA 26 (0.61 m x 2.44 m)",PC, 180.84 
MS08.0004,"GUTTER, GA 24 (0.61 m x 2.44 m)",PC, 168.52 
MS08.0005,"RIDGE ROLL, GA 26 (0.61 m x 2.44 m)",PC, 182.62 
MS08.0006,"GI SHEET, PLAIN, GA 16 (1.22 m x 2.44 m)",PC," 1,322.89 "
MS08.0007,"GI SHEET, PLAIN, GA 20 (1.22 m x 2.44 m)",PC, 929.76 
MS08.0008,"GI SHEET, PLAIN, GA 26 (1.22 m x 2.44 m)",PC, 537.14 
